ITEM1,ITEM2,RATIO
DIN128 А Шайба пружинная одновитковая изогнутая М8 А4-Нерж_НЕ_ИСПОЛЬЗУЕТСЯ,Шайба М8 А4 нерж DIN 128 A / ГОСТ 6402-70,0.67

Болт / Винт М12х30 А2 DIN 912,Болт с цилиндрической головкой и внутренним шестигранником М12х30 А2 нержавеющий DIN 912,0.56

Болт / Винт М12х40 А2 DIN 912,Болт с цилиндрической головкой и внутренним шестигранником М12х40 А2 нержавеющий DIN 912,0.56

Болт / Винт М3х10 А4 DIN 912 / ISO 4762 / ГОСТ 11738-84,Винт с внутренним шестигранником и цилиндрической головкой М3x10 А4 DIN 912 ГОСТ 11738-84,0.55

Болт / Винт М3х20 А2 нерж DIN 912 ISO 4762 ГОСТ 11738-84,Болт с внутренним шестигранником М3х20 нержавеющий А2 DIN 912,0.5

Болт / Винт М6х16 А2 нерж DIN 912,Болт с внутренним шестигранником М6х16 нержавеющий А2 DIN 912,0.62
Болт / Винт М6х16 А2 нерж DIN 912,Болт с цилиндрической головкой и внутренним шестигранником М6х16 А2 нержавеющий DIN 912,0.56

Болт / Винт М6х20 А2 нерж DIN 912,Болт имбус 6х20 нерж. DIN 912 сталь A2&,0.62
Болт / Винт М6х20 А2 нерж DIN 912,Винт с цилиндрической головкой и внутренним шестигранником М6х20 А2 нержавеющий DIN 912,0.56

Болт / Винт М6х30 А2 нерж DIN 912,Болт имбус 6х30 нерж. DIN 912 сталь A2&,0.62
Болт / Винт М6х30 А2 нерж DIN 912,Болт с цилиндрической головкой и внутренним шестигранником М6х30 А2 нержавеющий DIN 912,0.56

Болт / Винт М6х40 А4-80 нерж DIN 912 / ISO 4762 / ГОСТ 11738-84,Винт М6х40 А4-Нерж DIN 912 / ГОСТ 11738-84,0.67

Болт / Винт М6х50 А2 нерж DIN 912,Винт с цилиндрической головкой и внутренним шестигранником М6х50 А2 нержавеющий DIN 912,0.56

Болт / Винт М8х16 А2 DIN 912,Болт с цилиндрической головкой и внутренним шестигранником М8х16 А2 нержавеющий DIN 912,0.56

Болт / Винт М8х20 А2 нерж DIN 912 / ISO 4762 / ГОСТ 11738-84,Винт с цилиндрической головкой и внутренним шестигранником М8х20 А2 нержавеющий DIN 912,0.45

Болт / Винт М8х30 А2 DIN 912,Болт с цилиндрической головкой и внутренним шестигранником М8х30 А2 нержавеющий DIN 912,0.56

Болт / Винт М8х35 А2 DIN 912 / ISO 4762,Болт с цилиндрической головкой и внутренним шестигранником М8х35 А2 нержавеющий DIN 912,0.5

Болт / Винт М8х40 А2 DIN 912 / ISO 4762 / ГОСТ 11738-84,Винт М8х40 А2 нерж. DIN 912,0.56

Болт / Винт М8х50 А2 нержавеющий DIN 912,Болт с цилиндрической головкой и внутренним шестигранником М8х50 А2 нержавеющий DIN 912,0.56

Болт / Винт М8х60 А2 нерж DIN 912 ГОСТ 11738-84,Винт с цилиндрической головкой и внутренним шестигранником М8х60 А2-Нерж DIN 912,0.5

Болт / Винт М8х90 А2 DIN 912,Болт с цилиндрической головкой и внутренним шестигранником М8х90 А2 нержавеющий DIN 912,0.56

Болт / винт с внутренним шестигранником М10х120 нержавеющий А2 DIN 912,Винт с внутренним шестигранником М10х120 нержавеющий А2 DIN 912,0.75

Болт DIN7991 М10*40,Винт DIN7991 М10*40_НЕ_ИСПОЛЬЗУЕТСЯ,0.57

Болт DIN7991 М10*50_НЕ_ИСПОЛЬЗУЕТСЯ,Винт с потайной головкой и внутренним шестигранником М10х50 DIN 7991,0.44

Болт DIN7991 М12*100_НЕ_ИСПОЛЬЗУЕТСЯ,Винт с потайной головкой и внутренним шестигранником М12х100 DIN 7991,0.44

Болт DIN7991 М12*35_НЕ_ИСПОЛЬЗУЕТСЯ,Винт DIN7991 М12*35_НЕ_ИСПОЛЬЗУЕТСЯ,0.57

Болт DIN7991 М12*50_НЕ_ИСПОЛЬЗУЕТСЯ,Винт c потайной головкой М12х50 DIN 7991,0.5

Болт DIN7991 М4*10_НЕ_ИСПОЛЬЗУЕТСЯ,Винт DIN7991 М4*10_НЕ_ИСПОЛЬЗУЕТСЯ,0.57

Болт DIN7991 М4*16_НЕ_ИСПОЛЬЗУЕТСЯ,Винт с потайной головкой и внутренним шестигранником М4х16 DIN 7991,0.44

Болт DIN7991 М4*30_НЕ_ИСПОЛЬЗУЕТСЯ,Винт М4х30 DIN 7991 высокопрочный,0.57

Болт DIN7991 М4*50_НЕ_ИСПОЛЬЗУЕТСЯ,Винт DIN7991 М4*50_НЕ_ИСПОЛЬЗУЕТСЯ,0.57

Болт DIN7991 М6*20_НЕ_ИСПОЛЬЗУЕТСЯ,Винт с потайной головкой и внутренним шестигранником М6х20 DIN 7991,0.44
Болт DIN7991 М6*20_НЕ_ИСПОЛЬЗУЕТСЯ,Винт с потайной головкой и внутренним шестигранником М6х20 DIN 7991_НЕ_ИСПОЛЬЗУЕТСЯ,0.44

Болт DIN7991 М6*30_НЕ_ИСПОЛЬЗУЕТСЯ,Винт с потайной головкой и внутренним шестигранником М6х30 DIN 7991,0.44

Болт DIN7991 М6*40_НЕ_ИСПОЛЬЗУЕТСЯ,Винт с потайной головкой и внутренним шестигранником М6х40 DIN 7991,0.44

Болт DIN7991 М8*100_НЕ_ИСПОЛЬЗУЕТСЯ,Винт c потайной головкой М8х100 DIN 7991,0.5

Болт DIN7991 М8*40_НЕ_ИСПОЛЬЗУЕТСЯ,Винт DIN7991 М8*40_НЕ_ИСПОЛЬЗУЕТСЯ,0.57

Болт DIN912 М10*30_НЕ_ИСПОЛЬЗУЕТСЯ,Винт с цилиндрической головкой и внутренним шестигранником М10х30 DIN 912_НЕ_ИСПОЛЬЗУЕТСЯ,0.44

Болт DIN912 М10*40_НЕ_ИСПОЛЬЗУЕТСЯ,Винт с цилиндрической головкой и внутренним шестигранником М10х40 DIN 912_НЕ_ИСПОЛЬЗУЕТСЯ,0.44

Болт DIN912 М10*50_НЕ_ИСПОЛЬЗУЕТСЯ,Винт с цилиндрической головкой и внутренним шестигранником М10х50 DIN 912,0.44

Болт DIN912 М12*60_НЕ_ИСПОЛЬЗУЕТСЯ,Винт с цилиндрической головкой и внутренним шестигранником М12х60 DIN 912_НЕ_ИСПОЛЬЗУЕТСЯ,0.44

Болт DIN912 М4*16_НЕ_ИСПОЛЬЗУЕТСЯ,Винт c внутренним шестигранником М4х16 DIN 912,0.5

Болт DIN912 М4*35_НЕ_ИСПОЛЬЗУЕТСЯ,Винт DIN912 М4*35_НЕ_ИСПОЛЬЗУЕТСЯ,0.57

Болт DIN912 М4*40_НЕ_ИСПОЛЬЗУЕТСЯ,Винт с цилиндрической головкой и внутренним шестигранником М4х40 DIN 912,0.44

Болт DIN912 М5*25_НЕ_ИСПОЛЬЗУЕТСЯ,Винт с цилиндрической головкой и внутренним шестигранником М5х25 DIN 912,0.44

Болт DIN912 М5*30_НЕ_ИСПОЛЬЗУЕТСЯ,Винт оцинкованный М5х30 DIN 912,0.57

Болт DIN912 М6*20_НЕ_ИСПОЛЬЗУЕТСЯ,Винт с цилиндрической головкой и внутренним шестигранником М6х20 DIN 912,0.44

Болт DIN912 М6*25_НЕ_ИСПОЛЬЗУЕТСЯ,Винт М6х25 цинк DIN 912 ГОСТ 11738-84,0.5
Болт DIN912 М6*25_НЕ_ИСПОЛЬЗУЕТСЯ,Винт с цилиндрической головкой и внутренним шестигранником М6х25 DIN 912,0.44

Болт DIN912 М6*30_НЕ_ИСПОЛЬЗУЕТСЯ,Винт с цилиндрической головкой и внутренним шестигранником М6х30 DIN 912,0.44

Болт DIN912 М6*35_НЕ_ИСПОЛЬЗУЕТСЯ,Винт DIN912 М6*35_НЕ_ИСПОЛЬЗУЕТСЯ,0.57

Болт DIN912 М6*40_НЕ_ИСПОЛЬЗУЕТСЯ,Болт с внутренним шестигранником М6х40 DIN 912,0.71
Болт DIN912 М6*40_НЕ_ИСПОЛЬЗУЕТСЯ,Винт DIN912 М6х40_НЕ_ИСПОЛЬЗУЕТСЯ,0.57
Болт DIN912 М6*40_НЕ_ИСПОЛЬЗУЕТСЯ,Винт с цилиндрической головкой и внутренним шестигранником М6х40 DIN 912,0.44

Болт DIN912 М6*50_НЕ_ИСПОЛЬЗУЕТСЯ,Винт оцинкованный М6х50 DIN 912,0.57

Болт DIN912 М6*55_НЕ_ИСПОЛЬЗУЕТСЯ,Винт с цилиндрической головкой и внутренним шестигранником М6х55 DIN 912,0.44

Болт DIN912 М8*20_НЕ_ИСПОЛЬЗУЕТСЯ,Винт DIN912 М8*20_НЕ_ИСПОЛЬЗУЕТСЯ,0.57
Болт DIN912 М8*20_НЕ_ИСПОЛЬЗУЕТСЯ,Винт оцинкованный М8х20 DIN 912,0.57

Болт DIN912 М8*25_НЕ_ИСПОЛЬЗУЕТСЯ,Винт DIN912 М8*25_НЕ_ИСПОЛЬЗУЕТСЯ,0.57

Болт DIN912 М8*30_НЕ_ИСПОЛЬЗУЕТСЯ,Винт с цилиндрической головкой и внутренним шестигранником М8х30 DIN 912,0.44

Болт DIN912 М8*35_НЕ_ИСПОЛЬЗУЕТСЯ,Винт DIN912 М8*35_НЕ_ИСПОЛЬЗУЕТСЯ,0.57

Болт DIN912 М8*40_НЕ_ИСПОЛЬЗУЕТСЯ,Винт оцинкованный М8х40 DIN 912,0.57
Болт DIN912 М8*40_НЕ_ИСПОЛЬЗУЕТСЯ,Винт с цилиндрической головкой и внутренним шестигранником М8х40 DIN 912,0.44

Болт DIN912 М8*60_НЕ_ИСПОЛЬЗУЕТСЯ,Винт оцинкованный М8х60 DIN 912,0.57

Болт DIN912 М8*65_НЕ_ИСПОЛЬЗУЕТСЯ,Винт с цилиндрической головкой и внутренним шестигранником М8х65 DIN 912,0.44

Болт имбус 4х16 нерж. DIN 912 сталь A2&_НЕ_ИСПОЛЬЗУЕТСЯ,Болт с цилиндрической головкой и внутренним шестигранником М4х16 А2 нержавеющий DIN 912,0.56

Болт имбус 5х30 нерж. DIN 912 сталь A2&,Винт М5х30 А2 нерж. DIN 912,0.5

Болт имбус 8х25 нерж. DIN 912 сталь A2&_НЕ_ИСПОЛЬЗУЕТСЯ,Винт с цилиндрической головкой и внутренним шестигранником М8х25 А2-Нерж DIN 912,0.4

Болт М10х35 оцинкованный DIN 933 / ГОСТ 7798-70,Болт с шестигранной головкой и полной резьбой М10х35 DIN 933,0.56

Болт М10х50 10.9 цинк DIN 933 / ISO 4017 / ГОСТ 7798-70,"Болт с шестигранной головкой и полной резьбой М10х50 10,9 DIN 933",0.6

Болт М10х60 Zn DIN 933 ГОСТ 7798-70 ISO 4017,Болт с шестигранной головкой и полной резьбой М10х60 DIN 933,0.5

Болт М10х80 А4 DIN 933 / ГОСТ 7798-70,Болт М10х80 А4-80 DIN 933 / ГОСТ 7798-70,0.86

Болт М12х120 А2 DIN 931 ГОСТ 7798-70,Болт с шестигранной головкой и полной резьбой М12х120 А2-нерж DIN 933 / ISO 4017 / ГОСТ 7798-70,0.5

Болт М12х120 А2 нерж. DIN 933,Болт с шестигранной головкой и полной резьбой М12х120 нержавеющий А2 DIN 933,0.62
Болт М12х120 А2 нерж. DIN 933,Болт с шестигранной головкой и полной резьбой М12х120 А2-нерж DIN 933 / ISO 4017 / ГОСТ 7798-70,0.5

Болт М12х25 А4 DIN 933,Болт с шестигранной головкой и полной резьбой М12х25 А4-80 нержавеющий DIN 933,0.62

Болт М12х50 А2 нерж DIN 933 ISO 4017 ГОСТ 7798-70,Болт М12х50 А2 нерж. DIN 933,0.62

Болт М12х60 Zn DIN 933,Болт с шестигранной головкой и полной резьбой М12х60 DIN 933,0.62

Болт М12х90 A2 DIN 933,Болт М12х90 А2 DIN 933,0.83

Болт М16х100 Zn DIN 933 / ГОСТ 7798-70,Болт оцинкованный М16х100 DIN 933,0.71

Болт М16х50 Zn DIN 933,Болт с шестигранной головкой и полной резьбой М16х50 DIN 933,0.62

Болт М24х100 Zn DIN 933 / ГОСТ 7798-70,Болт с шестигранной головкой и полной резьбой М24х100 DIN 933,0.56

Болт М4х50 Zn DIN 933 / ГОСТ 7798-70 / ISO 4017 (EUR),Болт с шестигранной головкой и полной резьбой М4х50 оцинкованный DIN 933 / ISO 4017 (EUR),0.64

Болт М5х50 А2 нерж. DIN 933,Болт с шестигранной головкой и полной резьбой М5х50 А2 нержавеющий DIN 933 / ISO 4017,0.56

Болт М6х25 Zn DIN 933 ГОСТ 7798-70 ISO 4017,Болт с шестигранной головкой М6х25 DIN 933_НЕ_ИСПОЛЬЗУЕТСЯ,0.56

Болт М6х30 А4-80 DIN 933 ISO 4017 ГОСТ 7798-70,Болт с потайной головкой и внутренним шестигранником М6x30 А4 DIN 933,0.5

Болт М6х40 А4 ГОСТ 7798-70,Болт с шестигранной головкой и полной резьбой М6х40 А4-80 DIN 933 / ГОСТ 7798-70,0.56

Болт М6х50 Zn DIN 933 / ГОСТ 7798-70 / ISO 4017,Болт оцинкованный М6х50 DIN 933,0.62
Болт М6х50 Zn DIN 933 / ГОСТ 7798-70 / ISO 4017,Болт с шестигранной головкой и полной резьбой М6х50 DIN 933,0.5

Болт М6х50 А4 DIN 933 / ГОСТ 7798-70,Болт М6х50 А4 ГОСТ 7798-70,0.71

Болт М8х100 оцинкованный DIN 933 / ISO 4017 / ГОСТ 7798-70,Болт с шестигранной головкой и полной резьбой М8х100 DIN 933,0.5

Болт М8х120 оцинкованный DIN 933 / ГОСТ 7798-70,Болт с шестигранной головкой М8х120 DIN 933,0.62

Болт М8х25 оцинкованный DIN 933 / ISO 4017 / ГОСТ 7798-70,Болт оцинкованный М8х25 DIN 933,0.62
Болт М8х25 оцинкованный DIN 933 / ISO 4017 / ГОСТ 7798-70,Болт с шестигранной головкой и полной резьбой М8х25 DIN 933,0.5

Болт М8х40 Zn DIN 933 ГОСТ 7798-70 ISO 4017,Болт оцинкованный М8х40 DIN 933,0.62
Болт М8х40 Zn DIN 933 ГОСТ 7798-70 ISO 4017,Болт с шестигранной головкой и полной резьбой М8х40 DIN 933,0.5
Болт М8х40 Zn DIN 933 ГОСТ 7798-70 ISO 4017,Болт с шестигранной головкой и полной резьбой М8х40 оцинкованный DIN 933,0.5

Болт М8х40 А2 нерж. DIN 933,Болт с шестигранной головкой и полной резьбой М8х40 А2 нержавеющий DIN 933,0.62

Болт М8х50 Zn DIN 933 / ГОСТ 7798-70,Болт с шестигранной головкой и полной резьбой М8х50 оцинкованный DIN 933 / ISO 4017,0.5

Болт оцинкованный М10х100 DIN 933,Болт с шестигранной головкой и полной резьбой М10х100 оцинкованный DIN 933,0.62

Болт оцинкованный М12х120 DIN 933,Болт с шестигранной головкой и полной резьбой М12х120 оцинкованный DIN 933 ISO 4017,0.56

Болт оцинкованный М12х70 DIN 933,Болт с шестигранной головкой и полной резьбой М12х70 DIN 933,0.62

Болт оцинкованный М14х60 DIN 933,Болт с шестигранной головкой М14х60 DIN 933_НЕ_ИСПОЛЬЗУЕТСЯ,0.71

Болт оцинкованный М16х80 DIN 933,Болт с шестигранной головкой М16х80 DIN 933,0.71

Болт оцинкованный М3х16 DIN 933,Болт с шестигранной головкой М3х16 DIN 933,0.71

Болт оцинкованный М3х20 DIN 933,Болт с шестигранной головкой и полной резьбой М3х20 DIN 933,0.62

Болт оцинкованный М3х30 DIN 933,Болт с шестигранной головкой М3х30 DIN 933_НЕ_ИСПОЛЬЗУЕТСЯ,0.71

Болт оцинкованный М4х12 DIN 933,Болт с шестигранной головкой М4х12 DIN 933_НЕ_ИСПОЛЬЗУЕТСЯ,0.71

Болт оцинкованный М4х16 DIN 933,Болт с шестигранной головкой М4х16 DIN 933,0.71

Болт оцинкованный М4х20 DIN 933,Болт с шестигранной головкой М4х20 DIN 933,0.71
Болт оцинкованный М4х20 DIN 933,Болт с шестигранной головкой и полной резьбой М4х20 мм DIN 933 ISO 4017,0.56

Болт оцинкованный М4х25 DIN 933,Болт с полной резьбой М4х25 DIN 933,0.71
Болт оцинкованный М4х25 DIN 933,Болт с шестигранной головкой М4х25 DIN 933_НЕ_ИСПОЛЬЗУЕТСЯ,0.71

Болт оцинкованный М4х30 DIN 933,Болт с шестигранной головкой М4х30 DIN 933,0.71

Болт оцинкованный М5х16 DIN 933,Болт с шестигранной головкой и полной резьбой М5х16 DIN 933,0.62

Болт оцинкованный М5х20 DIN 933,Болт с шестигранной головкой и полной резьбой М5х20 DIN 933,0.62

Болт оцинкованный М5х25 DIN 933,Болт с полной резьбой М5х25 DIN 933,0.71
Болт оцинкованный М5х25 DIN 933,Болт с шестигранной головкой и полной резьбой М5х25 DIN 933,0.62

Болт оцинкованный М5х35 DIN 933,Болт с шестигранной головкой и полной резьбой М5х35 DIN 933,0.62

Болт оцинкованный М5х50 DIN 933,Болт с шестигранной головкой М5х50 DIN 933,0.71
Болт оцинкованный М5х50 DIN 933,Болт с шестигранной головкой и полной резьбой М5х50 оцинкованный DIN 933 / ISO 4017,0.56

Болт оцинкованный М6х30 DIN 933,Болт с шестигранной головкой М6х30 DIN 933,0.71
Болт оцинкованный М6х30 DIN 933,Болт с шестигранной головкой и полной резьбой М6х30 оцинкованный DIN 933,0.62

Болт оцинкованный М8х16 DIN 933,Болт с шестигранной головкой и полной резьбой М8х16 DIN 933,0.62

Болт оцинкованный М8х20 DIN 933,Болт с шестигранной головкой и полной резьбой М8х20 DIN 933,0.62

Болт оцинкованный М8х30 DIN 933,Болт с шестигранной головкой М8х30 DIN 933_НЕ_ИСПОЛЬЗУЕТСЯ,0.71
Болт оцинкованный М8х30 DIN 933,Болт с шестигранной головкой и полной резьбой М8х30 оцинкованный DIN 933,0.62

Болт оцинкованный М8х35 DIN 933,Болт с полной резьбой М8х35 оцинкованный DIN 933,0.71
Болт оцинкованный М8х35 DIN 933,Болт с шестигранной головкой и полной резьбой М8х35 DIN 933,0.62

Болт оцинкованный М8х80 DIN 933,Болт с шестигранной головкой и полной резьбой М8х80 оцинкованный DIN 933,0.62

Болт с внутренней шестигранной скрытой головкой М6х16 А2 нержавеющий DIN 7991,Винт М6х16 А2 нерж DIN 7991,0.5

Болт с внутренним шестигранником М12х120 А4 DIN 912,Болт с внутренним шестигранником М12х120 нержавеющий А4 DIN 912,0.86

Болт с внутренним шестигранником М12х50 нержавеющий А2 DIN 912,Болт с цилиндрической головкой и внутренним шестигранником М12х50 А2 нержавеющий DIN 912,0.75
Болт с внутренним шестигранником М12х50 нержавеющий А2 DIN 912,Винт М12х50 А2 DIN 912 / ISO 4762,0.44

Болт с внутренним шестигранником М4х20 нержавеющий А2 DIN 912,Винт нерж А2 М4х20 DIN 912,0.5

Болт с внутренним шестигранником М4х30 нержавеющий А2 DIN 912,Винт М4х30 А2 DIN 912 / ISO 4762,0.44

Болт с внутренним шестигранником М6х16 А4 DIN 912,Болт с внутренним шестигранником М6х16 нержавеющий А4 DIN 912,0.86

Болт с внутренним шестигранником М8х100 нержавеющий А2 DIN 912,Винт с цилиндрической головкой и внутренним шестигранником М8х100 А2 нержавеющий DIN 912,0.56

Болт с полной резьбой М12х50 оцинкованный DIN 933,Болт с шестигранной головкой М12х50 DIN 933_НЕ_ИСПОЛЬЗУЕТСЯ,0.62

Болт с полной резьбой М14х70 DIN 933_НЕ_ИСПОЛЬЗУЕТСЯ,Болт с шестигранной головкой М14х70 DIN 933_НЕ_ИСПОЛЬЗУЕТСЯ,0.62

Болт с цилиндрической головкой и внутренним шестигранником М12х35 А2 нержавеющий DIN 912,Винт с цилиндрической головкой и внутренним шестигранником М12х35 А2 нержавеющий DIN 912,0.67

Болт с шестигранной головкой и полной резьбой M8х30 A2 DIN933_НЕ_ИСПОЛЬЗУЕТСЯ,Болт с шестигранной головкой и полной резьбой М8х30 А2 нержавеющий DIN 933,0.88

Болт с шестигранной головкой и полной резьбой М10х40 DIN 933,Болт с шестигранной головкой и полной резьбой М10х40 оцинкованный DIN 933,0.88

Болт с шестигранной головкой и полной резьбой М12х100 DIN 933,Болт с шестигранной головкой и полной резьбой М12х100 оцинкованный DIN 933 / ISO 4017,0.78

Болт с шестигранной головкой и полной резьбой М16х130 А4-80 DIN 933 / ISO 4017,Болт с шестигранной головкой и полной резьбой М16х130 А4-нерж DIN 933 / ISO 4017,0.89

Болт с шестигранной головкой и полной резьбой М16х60 Zn DIN 933 / ISO 4017,Болт с шестигранной головкой и полной резьбой М16х60 оцинкованный DIN 933 / ISO 4017_НЕ_ИСПОЛЬЗУЕТСЯ,0.89

Болт с шестигранной головкой и полной резьбой М24х80 DIN 933,Болт с шестигранной головкой и полной резьбой М24х80 DIN 933_НЕ_ИСПОЛЬЗУЕТСЯ,0.88

Болт с шестигранной головкой и полной резьбой М8х16 А2 нерж. DIN 933 / ISO 4017,Болт с шестигранной головкой и полной резьбой М8х16 А2 нержавеющий DIN 933,0.78

Винт DIN7985 8*25_НЕ_ИСПОЛЬЗУЕТСЯ,Винт М8х25 DIN 7985,0.83

Винт DIN7985 М3*10_НЕ_ИСПОЛЬЗУЕТСЯ,Винт М3х10 DIN 7985,0.83

Винт DIN7985 М3*12_НЕ_ИСПОЛЬЗУЕТСЯ,Винт М3х12 DIN 7985,0.83

Винт DIN7985 М4*12_НЕ_ИСПОЛЬЗУЕТСЯ,Винт М4х12 DIN 7985,0.83

Винт DIN7985 М4*30_НЕ_ИСПОЛЬЗУЕТСЯ,Винт М4х30 DIN 7985,0.83

Винт DIN7985 М4*8_НЕ_ИСПОЛЬЗУЕТСЯ,Винт М4х8 DIN 7985,0.83

Винт DIN7985 М5*25_НЕ_ИСПОЛЬЗУЕТСЯ,Винт М5х25 DIN 7985,0.83

Винт DIN7985 М5*35_НЕ_ИСПОЛЬЗУЕТСЯ,Винт М5х35 DIN 7985,0.83

Винт DIN7985 М6*16_НЕ_ИСПОЛЬЗУЕТСЯ,Винт М6х16 DIN 7985,0.83

Винт DIN7991 М4*40_НЕ_ИСПОЛЬЗУЕТСЯ,Винт М4х40 DIN 7991 высокопрочный,0.83

Винт DIN912 М4*10_НЕ_ИСПОЛЬЗУЕТСЯ,Винт с цилиндрической головкой и внутренним шестигранником М4х10 DIN 912,0.62

Винт DIN912 М5*35_НЕ_ИСПОЛЬЗУЕТСЯ,Винт с цилиндрической головкой и внутренним шестигранником М5х35 DIN 912_НЕ_ИСПОЛЬЗУЕТСЯ,0.62

Винт DIN912 М5х40_НЕ_ИСПОЛЬЗУЕТСЯ,Винт с цилиндрической головкой и внутренним шестигранником М5х40 DIN 912,0.62

Винт DIN965 М3*10_НЕ_ИСПОЛЬЗУЕТСЯ,Винт оцинкованный М3х10 DIN 965,0.83

Винт DIN965 М6*30_НЕ_ИСПОЛЬЗУЕТСЯ,Винт с потайной головкой М6х30 DIN 965,0.71

Винт А4 нерж М3х6 DIN 965,Винт нерж А4 М3х6 DIN 965,0.83

Винт М8х30 A2 DIN 7991,Винт с потайной головкой и внутренним шестигранником М8х30 А2 нержавеющий DIN 7991,0.62

Винт М8х50 А4 нержавеющий DIN 912 / ГОСТ 11738-84,Винт М8х50 А4-80 нержавеющий DIN 912 / ГОСТ 11738-84,0.86

Винт нерж А4 М3х12 DIN 7985,Винт с полукруглой головкой М3х12 из нержавеющей стали А4 DIN 7985,0.71

Винт оцинкованный М3х16 DIN 7985,Винт с полукруглой головкой М3х16 оцинкованный DIN 7985,0.71

Винт оцинкованный М3х6 DIN 7985,Винт с полукруглой головкой М3х6 DIN 7985,0.71

Винт с низкой цилиндрической головкой и внутренним шестигранником М3х10 А2- Нерж. DIN 7984,Винт с цилиндрической головкой и внутренним шестигранником М3х10 А2-нерж. DIN 7984,0.88

Винт с низкой цилиндрической головкой и внутренним шестигранником М3х20 А2- Нерж. DIN 7984,Винт с цилиндрической головкой и внутренним шестигранником М3х20 А2-нерж. DIN 7984,0.88

Винт с низкой цилиндрической головкой и внутренним шестигранником М3х6 А2- Нерж. DIN 7984,Винт с цилиндрической головкой и внутренним шестигранником М3х6 А2-нерж. DIN 7984,0.88

Винт с низкой цилиндрической головкой и внутренним шестигранником М4х10 А2- Нерж. DIN 7984,Винт с цилиндрической головкой и внутренним шестигранником М4х10 А2 DIN 7984,0.88

Винт с низкой цилиндрической головкой и внутренним шестигранником М4х16 А2- Нерж. DIN 7984,Винт с цилиндрической головкой и внутренним шестигранником М4х16 А2 DIN 7984,0.88

Винт с низкой цилиндрической головкой и внутренним шестигранником М6х20 А2- Нерж. DIN 7984,Винт с цилиндрической головкой и внутренним шестигранником М6х20 А2-Нерж DIN 7984,0.88

Винт с полукруглой головкой М3х8 DIN 7985,Винт с полукруглой головкой М3х8 оцинкованный DIN 7985,0.86

Винт с цилиндрической головкой и внутренним шестигранником М12х100 А2-нерж DIN 912_НЕ_ИСПОЛЬЗУЕТСЯ,Винт с цилиндрической головкой и внутренним шестигранником М12х100 нержавеющая сталь А2 DIN 912_НЕ_И,0.88

Гайка DIN 439 М12_НЕ_ИСПОЛЬЗУЕТСЯ,Гайка DIN439 М12_НЕ_ИСПОЛЬЗУЕТСЯ,0.8

Гайка DIN 934 М12_НЕ_ИСПОЛЬЗУЕТСЯ,Гайка шестигранная M12 DIN 934,0.8

Гайка DIN 934 М24_НЕ_ИСПОЛЬЗУЕТСЯ,Гайка оцинкованная М24 DIN 934,0.8
Гайка DIN 934 М24_НЕ_ИСПОЛЬЗУЕТСЯ,Гайка шестигранная M24 DIN 934,0.8
Гайка DIN 934 М24_НЕ_ИСПОЛЬЗУЕТСЯ,Гайка шестигранная M24 оцинкованная DIN 934 / ISO 4032,0.67

Гайка DIN 934 М6 Ш/гр_НЕ_ИСПОЛЬЗУЕТСЯ,Гайка DIN 934 М6_НЕ_ИСПОЛЬЗУЕТСЯ,0.8
Гайка DIN 934 М6 Ш/гр_НЕ_ИСПОЛЬЗУЕТСЯ,Гайка DIN934 М6_НЕ_ИСПОЛЬЗУЕТСЯ,0.8
Гайка DIN 934 М6 Ш/гр_НЕ_ИСПОЛЬЗУЕТСЯ,Гайка шестигранная M6 DIN 934,0.8

Гайка DIN934 М14 А2_НЕ_ИСПОЛЬЗУЕТСЯ,Гайка шестигранная М14 А2 нержавеющая DIN 934 ГОСТ 5915-70,0.67

Гайка DIN934 М16,Гайка М16 DIN 934 Ш/Гр_НЕ_ИСПОЛЬЗУЕТСЯ,0.8

Гайка DIN934 М3 zn_НЕ_ИСПОЛЬЗУЕТСЯ,Гайка шестигранная M3 DIN 934,0.8
Гайка DIN934 М3 zn_НЕ_ИСПОЛЬЗУЕТСЯ,Гайка шестигранная М3 оцинкованная DIN 934,0.8

Гайка DIN985 М8_НЕ_ИСПОЛЬЗУЕТСЯ,Гайка шестигранная самоконтрящаяся с нейлоновой вставкой M8 DIN 985,0.67

Гайка M6 А2 нерж DIN 985 ISO 10511,Гайка шестигранная самоконтрящаяся с нейлоновой вставкой M6 нержавеющая А2 DIN 985,0.57

Гайка M6 А4-80 нерж DIN 985 ISO 10511,Гайка шестигранная самоконтрящаяся с нейлоновой вставкой DIN 985 М6 A4_НЕ_ИСПОЛЬЗУЕТСЯ,0.57
Гайка M6 А4-80 нерж DIN 985 ISO 10511,Гайка шестигранная самоконтрящаяся с нейлоновой вставкой M6 нержавеющая сталь А4 DIN 985,0.57

Гайка M8 А4-80 нерж DIN 985 ISO 10511,Гайка шестигранная самоконтрящаяся с нейлоновой вставкой M8 нержавеющая сталь А4 DIN 985,0.57

Гайка А2 нерж М8 DIN 982,Гайка шестигранная самоконтрящаяся высокая M8 А2 нержавеющая DIN 982,0.8

Гайка А4 нерж М5 DIN 934,Гайка М5 А4-80 DIN 934 / ГОСТ 5915-70,0.67

Гайка барашковая DIN 315 M8_НЕ_ИСПОЛЬЗУЕТСЯ,Гайка барашковая М8 DIN 315,0.8
Гайка барашковая DIN 315 M8_НЕ_ИСПОЛЬЗУЕТСЯ,Гайка барашковая М8 Zn DIN315_НЕ_ИСПОЛЬЗУЕТСЯ,0.8
Гайка барашковая DIN 315 M8_НЕ_ИСПОЛЬЗУЕТСЯ,Гайка барашковая М8 оцинкованная DIN 315 / ГОСТ 3032-76,0.67

Гайка барашковая М4 DIN 315,Гайка барашковая М4 оцинкованная DIN 315,0.8

Гайка М10 DIN 934,Гайка М10 DIN 934_НЕ_ИСПОЛЬЗУЕТСЯ,0.8
Гайка М10 DIN 934,Гайка оцинкованная М10 DIN 934,0.8
Гайка М10 DIN 934,Гайка шестигранная M10 DIN 934,0.8

Гайка М10 DIN 934 А4 нержавеющая,Гайка шестигранная М10 А4-70-Нерж. DIN 934_НЕ_ИСПОЛЬЗУЕТСЯ,0.8
Гайка М10 DIN 934 А4 нержавеющая,Гайка шестигранная М10 А4-80 DIN 934 / ГОСТ 5915-70,0.67

Гайка М10 А2 нерж. DIN 934,Гайка шестигранная М10 А2 DIN 934 / ISO 4032 / ГОСТ 5915-70,0.57

Гайка М10 А4-70 DIN 982 ГОСТ Р 50273-92,Гайка шестигранная самоконтрящаяся высокая M10 А4-80 нержавеющая DIN 982,0.67

Гайка М10 оцинков (5 шт) din 934_НЕ_ИСПОЛЬЗУЕТСЯ,Гайка оцинк. М10 DIN 934(5шт)_НЕ_ИСПОЛЬЗУЕТСЯ,0.83

Гайка М12 DIN 934 А4 нержавеющая,Гайка шестигранная М12 А4 DIN 934,0.8
Гайка М12 DIN 934 А4 нержавеющая,Гайка шестигранная М12 А4-80 DIN 934 / ГОСТ 5915-70,0.67

Гайка М12 А2-нерж. DIN 934,Гайка шестигранная М12 А2 DIN 934 / ISO 4032 / ГОСТ 5915-70,0.57

Гайка М18 DIN 934 цинк_НЕ_ИСПОЛЬЗУЕТСЯ,Гайка оцинкованная М18 DIN 934,0.8
Гайка М18 DIN 934 цинк_НЕ_ИСПОЛЬЗУЕТСЯ,Гайка шестигранная M18 DIN 934,0.8

Гайка М20 ГОСТ 5915-70_НЕ_ИСПОЛЬЗУЕТСЯ,Гайка шестигранная М20 Zn DIN 934 / ГОСТ 5915-70,0.67

Гайка М5 А2 нерж. DIN 934,Гайка М5 А2 нержавеющая DIN 934,0.8

Гайка М6 DIN 934 А4 нержавеющая,Гайка шестигранная М6 нержавеющая сталь А4 DIN 934,0.8
Гайка М6 DIN 934 А4 нержавеющая,Гайка М6 А4 DIN 934 / ГОСТ 5915-70,0.67
Гайка М6 DIN 934 А4 нержавеющая,Гайка М6 А4-80 нерж DIN 934 / ISO 4032 / ГОСТ 5915-70,0.57

Гайка М6 А2 DIN 934 / ISO 4032 / ГОСТ 5915-70,Гайка М6 А2 нержавеющая DIN 934,0.57

Гайка М8 А2 нерж DIN 985 ISO 10511,Гайка шестигранная самоконтрящаяся с нейлоновой вставкой M8 А2 нержавеющая DIN 985,0.57

Гайка М8 А2 нержавеющая DIN 934,Гайка шестигранная M8 нержавеющая сталь А2 DIN 934,0.8
Гайка М8 А2 нержавеющая DIN 934,Гайка шестигранная М8 А2-80 нержавеющая DIN934 / ISO 4032,0.67
Гайка М8 А2 нержавеющая DIN 934,Гайка шестигранная М8 А2 нерж DIN 934 / ISO 4032 / ГОСТ 5915-70,0.57

Гайка М8 А4 DIN 934 ISO 4032 ГОСТ 5915-70,Гайка шестигранная М8 А4-80 нержавеющая DIN 934 / ГОСТ 5915-70,0.71
Гайка М8 А4 DIN 934 ISO 4032 ГОСТ 5915-70,Гайка шестигранная М8 А4 нержавеющая DIN 934,0.57

Гайка оцинкованная М20 DIN 934,Гайка шестигранная М20 DIN 934,0.8
Гайка оцинкованная М20 DIN 934,Гайка шестигранная М20 Zn DIN 934 / ГОСТ 5915-70,0.67

Гайка оцинкованная М4 DIN 934,Гайка шестигранная M4 DIN 934,0.8

Гайка оцинкованная М8 DIN 934,Гайка шестигранная M8 DIN 934,0.8
Гайка оцинкованная М8 DIN 934,Гайка шестигранная М8 оцинкованная DIN 934,0.8

Гайка шестигранная M10 8.0 оцинкованная DIN 934,Гайка шестигранная М10 8.0 оцинкованная DIN 934 / ISO 4032,0.83
Гайка шестигранная M10 8.0 оцинкованная DIN 934,Гайка шестигранная М10 8.0 цинк DIN 934 / ГОСТ 5915-70,0.83

Гайка шестигранная M3 8.0 оцинкованная DIN 934,Гайка шестигранная M3 8.0 оцинкованная DIN 934 / ISO 4032,0.83

Гайка шестигранная M4 А2-Нерж DIN 934,Гайка шестигранная М4 А2 нержавеющая DIN 934 / ISO 4032,0.67

Гайка шестигранная M8 8.0 оцинкованная DIN 934,Гайка шестигранная М8 8.0 Zn DIN 934 / ISO 4032 / ГОСТ 5915-70,0.71

Гайка шестигранная М16 8.0 Zn DIN 934 / ISO 4032 / ГОСТ 5915-70,Гайка шестигранная М16 8.0 цинк DIN 934,0.71

Гайка шестигранная М3 А4 нерж DIN 934 ГОСТ 5915-70,Гайка шестигранная М3 нержавеющая сталь А4 DIN 934_НЕ_ИСПОЛЬЗУЕТСЯ,0.67

Гайка шестигранная самоконтрящаяся с нейлоновой вставкой M12 А4 нержавеющая DIN 985,Гайка шестигранная самоконтрящаяся с нейлоновой вставкой М12 А4-80-Нерж DIN 985 / ISO 10511,0.71

Рым-болт 8мм DIN580_НЕ_ИСПОЛЬЗУЕТСЯ,Рым-болт Госкреп М8 DIN 580 арт. КР.070411,0.71

Рым-болт DIN580-10Е_НЕ_ИСПОЛЬЗУЕТСЯ,Рым-болт М10 DIN 580,0.83

Шайба 10 А2 нерж. DIN 125A,Шайба плоская М10 А2 DIN 125 / ISO 7089 / ГОСТ 11371-78,0.57

Шайба 10 А2 нерж. DIN 127B,Шайба гроверная М10 А2 DIN 127 В,0.8
Шайба 10 А2 нерж. DIN 127B,Шайба гроверная пружинная М10 нержавеющая А2 DIN 127,0.8

Шайба 12 DIN 125A,Шайба D12 DIN125_НЕ_ИСПОЛЬЗУЕТСЯ,0.8
Шайба 12 DIN 125A,Шайба оцинкованная 12 DIN 125A,0.8
Шайба 12 DIN 125A,Шайба плоская М12 DIN 125 A,0.8
Шайба 12 DIN 125A,Шайба плоская М12 оцинкованная DIN 125_НЕ_ИСПОЛЬЗУЕТСЯ,0.8
Шайба 12 DIN 125A,Шайба плоская М12 Zn DIN 125 A / ГОСТ 11371-78,0.67

Шайба 12 А2 нерж. DIN 127B,Шайба гроверная М12 А2 DIN 127,0.8
Шайба 12 А2 нерж. DIN 127B,Шайба гроверная М12 А2 DIN 127 В,0.8

Шайба 12 Нерж.А4 DIN125_НЕ_ИСПОЛЬЗУЕТСЯ,Шайба плоская М12 А4 DIN 125 A / ГОСТ 11371-78,0.67

Шайба 14 DIN125_НЕ_ИСПОЛЬЗУЕТСЯ,Шайба D14 DIN125_НЕ_ИСПОЛЬЗУЕТСЯ,0.8
Шайба 14 DIN125_НЕ_ИСПОЛЬЗУЕТСЯ,Шайба DIN125 М14_НЕ_ИСПОЛЬЗУЕТСЯ,0.8
Шайба 14 DIN125_НЕ_ИСПОЛЬЗУЕТСЯ,Шайба оцинкованная 14 DIN 125A,0.8
Шайба 14 DIN125_НЕ_ИСПОЛЬЗУЕТСЯ,Шайба плоская М14 DIN 125 A,0.8
Шайба 14 DIN125_НЕ_ИСПОЛЬЗУЕТСЯ,Шайба плоская М14 Zn DIN 125 A / ГОСТ 11371-78,0.67

Шайба 4 нерж А2 DIN 125A,Шайба нерж А2 4 DIN 125,0.8
Шайба 4 нерж А2 DIN 125A,Шайба нерж А2 4 DIN 125A,0.8
Шайба 4 нерж А2 DIN 125A,Шайба плоская М4 А2 нержавеющая DIN 125 A,0.8
Шайба 4 нерж А2 DIN 125A,Шайба плоская М4 нержавеющая сталь А2 DIN 125 ISO 7089,0.67

Шайба 4 Нерж.А4 DIN125_НЕ_ИСПОЛЬЗУЕТСЯ,Шайба плоская М4 А4 DIN 125 / ГОСТ 11371-78,0.67

Шайба 5 DIN 125A,Шайба оцинкованная 5 DIN 125A,0.8
Шайба 5 DIN 125A,Шайба плоская М5 DIN 125 A,0.8
Шайба 5 DIN 125A,Шайба плоская М5 тип А DIN 125,0.8

Шайба 5 А2 нерж. DIN 125A,Шайба нерж А2 5 DIN 125,0.8
Шайба 5 А2 нерж. DIN 125A,Шайба нерж А2 5 DIN 125A,0.8
Шайба 5 А2 нерж. DIN 125A,Шайба плоская М5 нержавеющая сталь А2 DIN 125 ISO 7089,0.67

Шайба 5 А2 нерж. DIN 127B,Шайба гроверная пружинная М5 нержавеющая сталь А2 DIN 127,0.8
Шайба 5 А2 нерж. DIN 127B,Шайба нерж А2 5 DIN 127B,0.8

Шайба 6 DIN 125A,Шайба оцинкованная 6 DIN 125A,0.8
Шайба 6 DIN 125A,Шайба плоская М6 оцинкованная DIN 125,0.8

Шайба 6 А2 нерж. DIN 125A,Шайба плоская М6 нержавеющая сталь А2 DIN 125 ISO 7089_НЕ_ИСПОЛЬЗУЕТСЯ,0.67
Шайба 6 А2 нерж. DIN 125A,Шайба плоская М6 А2 DIN 125 / ISO 7089 / ГОСТ 11371-78,0.57

Шайба 6 А2 нерж. DIN 127B,Шайба гроверная пружинная М6 нержавеющая А2 DIN 127 В,0.8
Шайба 6 А2 нерж. DIN 127B,Шайба М6 А2 DIN 127 / ГОСТ 6402-70,0.67

Шайба 6 Нерж.А4 DIN125_НЕ_ИСПОЛЬЗУЕТСЯ,Шайба плоская М6 нерж А4 DIN 125A,0.8
Шайба 6 Нерж.А4 DIN125_НЕ_ИСПОЛЬЗУЕТСЯ,Шайба плоская М6 А4 DIN 125 / ISO 7089 / ГОСТ 11371-78,0.57
Шайба 6 Нерж.А4 DIN125_НЕ_ИСПОЛЬЗУЕТСЯ,Шайба плоская М6 А4-80 DIN 125 / ISO 7089 / ГОСТ 11371-78,0.57

Шайба 8 DIN 125 полиамид,Шайба М8 DIN125 (полиамид)_НЕ_ИСПОЛЬЗУЕТСЯ,0.8
Шайба 8 DIN 125 полиамид,Шайба плоская М8 полиамидная DIN 125 A,0.8

Шайба 8 DIN 125A,Шайба DIN125 D8_НЕ_ИСПОЛЬЗУЕТСЯ,0.8
Шайба 8 DIN 125A,Шайба оцинкованная 8 DIN 125A,0.8
Шайба 8 DIN 125A,Шайба плоская М8 DIN 125,0.8
Шайба 8 DIN 125A,Шайба плоская М8 Zn DIN 125 A,0.8
Шайба 8 DIN 125A,Шайба плоская М8 Zn DIN 125 ГОСТ 11371-78,0.67

Шайба 8 А2 нерж. DIN 125A,Шайба нерж А2 8 DIN 125,0.8
Шайба 8 А2 нерж. DIN 125A,Шайба плоская М8 А2 нерж DIN 125 / ISO 7089 / ГОСТ 11371-78,0.57

Шайба 8 А2 нерж. DIN 127B,Шайба DIN127 М8 A2,0.8
Шайба 8 А2 нерж. DIN 127B,Шайба М8 А2 DIN 127 B,0.8

Шайба 8 нерж. А4 DIN125A,"Шайба М8 простая (нерж.) А4, DIN125_НЕ_ИСПОЛЬЗУЕТСЯ",0.8
Шайба 8 нерж. А4 DIN125A,Шайба плоская М8 А4 DIN 125 A / ГОСТ 11371-78,0.67

Шайба D16 DIN125_НЕ_ИСПОЛЬЗУЕТСЯ,Шайба DIN125 М16_НЕ_ИСПОЛЬЗУЕТСЯ,0.8
Шайба D16 DIN125_НЕ_ИСПОЛЬЗУЕТСЯ,Шайба оцинкованная 16 DIN 125A,0.8
Шайба D16 DIN125_НЕ_ИСПОЛЬЗУЕТСЯ,Шайба плоская DIN 125 М16 цинк_НЕ_ИСПОЛЬЗУЕТСЯ,0.8
Шайба D16 DIN125_НЕ_ИСПОЛЬЗУЕТСЯ,Шайба плоская М 16 оцинкованная DIN 125,0.8
Шайба D16 DIN125_НЕ_ИСПОЛЬЗУЕТСЯ,Шайба плоская М16 DIN 125,0.8
Шайба D16 DIN125_НЕ_ИСПОЛЬЗУЕТСЯ,Шайба плоская М16 Zn DIN 125 A / ГОСТ 11371-78,0.67

Шайба D20 DIN125_НЕ_ИСПОЛЬЗУЕТСЯ,Шайба оцинкованная 20 DIN 125A,0.8
Шайба D20 DIN125_НЕ_ИСПОЛЬЗУЕТСЯ,Шайба плоская М 20 цинк DIN 125 A_НЕ_ИСПОЛЬЗУЕТСЯ,0.8
Шайба D20 DIN125_НЕ_ИСПОЛЬЗУЕТСЯ,Шайба плоская М20 DIN 125 A,0.8
Шайба D20 DIN125_НЕ_ИСПОЛЬЗУЕТСЯ,Шайба плоская М20 Zn DIN 125 / ГОСТ 11371-78,0.67

Шайба D24 DIN125_НЕ_ИСПОЛЬЗУЕТСЯ,Шайба оцинкованная 24 DIN 125A,0.8
Шайба D24 DIN125_НЕ_ИСПОЛЬЗУЕТСЯ,Шайба плоская М 24 цинк DIN 125 A_НЕ_ИСПОЛЬЗУЕТСЯ,0.8
Шайба D24 DIN125_НЕ_ИСПОЛЬЗУЕТСЯ,Шайба плоская М24 DIN 125 A,0.8
Шайба D24 DIN125_НЕ_ИСПОЛЬЗУЕТСЯ,Шайба плоская М24 Zn DIN 125 / ГОСТ 11371-78,0.67

Шайба DIN125 30_НЕ_ИСПОЛЬЗУЕТСЯ,Шайба плоская М30 DIN 125 A,0.8

Шайба DIN125 М10_НЕ_ИСПОЛЬЗУЕТСЯ,Шайба оцинкованная 10 DIN 125A,0.8
Шайба DIN125 М10_НЕ_ИСПОЛЬЗУЕТСЯ,Шайба плоская М10 DIN 125 A,0.8
Шайба DIN125 М10_НЕ_ИСПОЛЬЗУЕТСЯ,Шайба плоская М10 Zn DIN 125,0.8

Шайба DIN125 М3 zn_НЕ_ИСПОЛЬЗУЕТСЯ,Шайба оцинкованная М3 DIN 125A,0.8
Шайба DIN125 М3 zn_НЕ_ИСПОЛЬЗУЕТСЯ,Шайба плоская М3 DIN 125 A,0.8

Шайба DIN125_НЕ_ИСПОЛЬЗУЕТСЯ,Шайба плоская DIN 125 A/ISO 7089,0.6

Шайба DIN127 М10,Шайба гроверная пружинная М10 DIN 127,0.8
Шайба DIN127 М10,Шайба оцинкованная 10 DIN 127B,0.8
Шайба DIN127 М10,Шайба гроверная М10 Zn DIN 127 B / ГОСТ 6402-70,0.67

Шайба DIN127 М12,Шайба оцинкованная 12 DIN 127B,0.8
Шайба DIN127 М12,Шайба гроверная М12 Zn DIN 127 ГОСТ 6402-70,0.67

Шайба DIN127 М14_НЕ_ИСПОЛЬЗУЕТСЯ,Шайба гроверная М14 Zn DIN 127 / ГОСТ 6402-70,0.67

Шайба DIN127 М16 (кг)_НЕ_ИСПОЛЬЗУЕТСЯ,Шайба М16 DIN127,0.8
Шайба DIN127 М16 (кг)_НЕ_ИСПОЛЬЗУЕТСЯ,Шайба гроверная пружинная М16 DIN 127,0.8
Шайба DIN127 М16 (кг)_НЕ_ИСПОЛЬЗУЕТСЯ,Шайба оцинкованная 16 DIN 127B,0.8
Шайба DIN127 М16 (кг)_НЕ_ИСПОЛЬЗУЕТСЯ,Шайба гроверная М16 Zn DIN 127 / ГОСТ 6402-70,0.67

Шайба DIN127 М18,Шайба гроверная пружинная М18 DIN 127,0.8
Шайба DIN127 М18,Шайба гроверная пружинная М18 оцинкованная DIN 127,0.8

Шайба DIN127 М20,Шайба гроверная пружинная М20 DIN 127,0.8
Шайба DIN127 М20,Шайба гроверная М20 Zn DIN 127 / ГОСТ 6402-70,0.67

Шайба DIN127 М24,Шайба гроверная пружинная М24 оцинкованная DIN 127,0.8
Шайба DIN127 М24,Шайба гроверная пружинная М24 цинк DIN 127 В_НЕ_ИСПОЛЬЗУЕТСЯ,0.8
Шайба DIN127 М24,Шайба оцинкованная 24 DIN 127B,0.8
Шайба DIN127 М24,Шайба пружинная М24 Zn DIN 127 / ГОСТ 6402-70,0.67

Шайба DIN127 М6_НЕ_ИСПОЛЬЗУЕТСЯ,Шайба гроверная пружинная М6 DIN 127,0.8
Шайба DIN127 М6_НЕ_ИСПОЛЬЗУЕТСЯ,Шайба гроверная пружинная М6 оцинкованная DIN 127,0.8
Шайба DIN127 М6_НЕ_ИСПОЛЬЗУЕТСЯ,Шайба оцинкованная 6 DIN 127B,0.8
Шайба DIN127 М6_НЕ_ИСПОЛЬЗУЕТСЯ,Шайба гроверная М6 Zn DIN 127 / ГОСТ 6402-70,0.67

Шайба DIN127 М8 (шт),Шайба DIN127 М8_НЕ_ИСПОЛЬЗУЕТСЯ,0.8
Шайба DIN127 М8 (шт),Шайба гроверная DIN127 ф8_НЕ_ИСПОЛЬЗУЕТСЯ,0.8
Шайба DIN127 М8 (шт),Шайба гроверная пружинная М8 DIN 127,0.8
Шайба DIN127 М8 (шт),Шайба гроверная пружинная М8 оцинкованная DIN 127,0.8
Шайба DIN127 М8 (шт),Шайба оцинкованная 8 DIN 127B,0.8
Шайба DIN127 М8 (шт),Шайба гроверная М8 Zn DIN 127 / ГОСТ 6402-70,0.67
Шайба DIN127 М8 (шт),Шайба-пр М8 (гровер) Zn DIN 127_НЕ_ИСПОЛЬЗУЕТСЯ,0.67

Шайба DIN127 М8 A4,Шайба гроверная М8 А4 DIN 127 / ГОСТ 6402-70,0.67
Шайба DIN127 М8 A4,Шайба гроверная пружинная М8 А4 DIN 127 / ГОСТ 6402-70,0.67

Шайба DIN9021 М10,Шайба плоская М10 Zn DIN 9021 / ГОСТ 6958-78,0.67

Шайба DIN9021 М12,Шайба плоская М12 оцинкованная DIN 9021,0.8
Шайба DIN9021 М12,Шайба плоская увеличенная М12 DIN 9021_НЕ_ИСПОЛЬЗУЕТСЯ,0.8
Шайба DIN9021 М12,Шайба плоская увеличенная М12 Zn DIN 9021,0.8

Шайба DIN9021 М4,Шайба плоская увеличенная М4 оцинкованная DIN 9021,0.8

Шайба DIN9021 М5,Шайба плоская увеличенная М5 оцинкованная DIN 9021 / ISO 7093 / ГОСТ 6958-78,0.57

Шайба DIN9021 М6,Шайба плоская увеличенная М6 оцинкованная DIN 9021,0.8

Шайба DIN9021 М8,Шайба DIN9021 М8 (шт),0.8
Шайба DIN9021 М8,Шайба плоская увеличенная М8 DIN 9021_НЕ_ИСПОЛЬЗУЕТСЯ,0.8
Шайба DIN9021 М8,Шайба плоская увеличенная М8 оцинкованная DIN 9021,0.8

Шайба А2 нерж 3 DIN 125А,Шайба нерж А2 3 DIN 125A,0.8

Шайба А2 нерж 3 DIN 127В,Шайба гроверная пружинная М3 нержавеющая А2 DIN 127,0.8

Шайба гроверная М12 А1 DIN 127,Шайба гроверная пружинная М12 нержавеющая А1 DIN 127,0.83

Шайба гроверная М3 А4 DIN 127 / ГОСТ 6402-70,Шайба гроверная пружинная М3 нержавеющая А4 DIN 127,0.67

Шайба гроверная М4 Zn DIN 127 / ГОСТ 6402-70,Шайба гроверная пружинная М4 DIN 127,0.67
Шайба гроверная М4 Zn DIN 127 / ГОСТ 6402-70,Шайба оцинкованная 4 DIN 127A,0.67

Шайба гроверная пружинная М3 DIN 127,Шайба гроверная пружинная М3 оцинкованная DIN 127,0.8
Шайба гроверная пружинная М3 DIN 127,Шайба оцинкованная М3 DIN 127A,0.8
Шайба гроверная пружинная М3 DIN 127,Шайба оцинкованная М3 DIN 127B,0.8

Шайба гроверная пружинная М4 нержавеющая А2 DIN 127,Шайба нерж А2 4 DIN 127B,0.8

Шайба гроверная пружинная М5 DIN 127,Шайба М5 DIN 127,0.8
Шайба гроверная пружинная М5 DIN 127,Шайба гроверная пружинная М5 оцинкованная DIN 127,0.8
Шайба гроверная пружинная М5 DIN 127,Шайба оцинкованная 5 DIN 127B,0.8
Шайба гроверная пружинная М5 DIN 127,Шайба оцинкованная М5 DIN 127A,0.8

Шайба М 16 А2 DIN 125А_НЕ_ИСПОЛЬЗУЕТСЯ,Шайба плоская М16 А2 нержавеющая DIN 125 A,0.8

Шайба оцинкованная 4 DIN 125A,Шайба плоская М4 DIN 125 A,0.8
Шайба оцинкованная 4 DIN 125A,Шайба плоская М4 тип А DIN 125,0.8
Шайба оцинкованная 4 DIN 125A,Шайба плоская М4 Zn DIN 125 A / ГОСТ 11371-78,0.67

Шайба оцинкованная М3 DIN 9021 (кузовная),Шайба плоская увеличенная М3 DIN 9021,0.8

"Шайба плоская М 3 (d 3,2) А2-Нерж. DIN 125A","Шайба плоская М3 (d 3,2) А2 нержавеющая DIN 125 A / ISO 7089_НЕ_ИСПОЛЬЗУЕТСЯ",0.71

"Шайба плоская М 4 (d 4,3) А2-Нерж. DIN 125A","Шайба плоская М4 (d 4,3) А2 нержавеющая DIN 125 A / ISO 7089_НЕ_ИСПОЛЬЗУЕТСЯ",0.71

"Шайба плоская М 5 (d 5,3) А2-Нерж. DIN 125A","Шайба плоская М5 (d 5,3) А2 нерж DIN 125 A ISO 7089 ГОСТ 11371-78",0.62

Шайба плоская М12 А2 DIN 125 / ISO 7089,Шайба плоская М12 А2 нержавеющая DIN 125,0.67
Шайба плоская М12 А2 DIN 125 / ISO 7089,Шайба плоская М12 А2 нержавеющая DIN 125 A,0.67

Шайба плоская М16 (d 17) Цинк DIN 125 / ISO 7089,Шайба плоская М16 (d 17) Цинк DIN 125 A_НЕ_ИСПОЛЬЗУЕТСЯ,0.71

Шайба плоская М3 А4 DIN 125 / ГОСТ 11371-78,Шайба плоская М3 А4 DIN 125A ГОСТ 11371-78,0.83

Шайба пружинная одовитковая изогнутая М5 А2 DIN 128 A,Шайба пружинная одовитковая изогнутая М5 А2 нерж DIN 128 А,0.8

